kab_kota,airin_ade,andra_dimyati,total,airin_pct,andra_pct,pemenang
Pandeglang,212454,436660,649114,32.7,67.3,Andra-Dimyati
Lebak,325662,344199,669861,48.6,51.4,Andra-Dimyati
Kabupaten Tangerang,589429,907129,1496558,39.4,60.6,Andra-Dimyati
Kabupaten Serang,356052,475411,831463,42.8,57.2,Andra-Dimyati
Kabupaten Pandeglang,212454,436660,649114,32.7,67.3,Andra-Dimyati
Kota Tangerang,318195,444260,762455,41.7,58.3,Andra-Dimyati
Kota Cilegon,122852,107497,230349,53.3,46.7,Airin-Ade
Kota Serang,139289,197005,336294,41.4,58.6,Andra-Dimyati
Kota Tangerang Selatan,385250,190312,575562,66.9,33.1,Airin-Ade
